Date,Plateforme,Type de Contenu,Titre/Description,Heure Publication,Statut,Hashtags,Performance (vues),Notes
2025-01-01,TikTok,Clip Gaming,"Best play de la semaine",18:00,Publi√©,"#gaming #clip #twitch #streamer",12500,"Tr√®s bon engagement"
2025-01-01,Twitter,Annonce Live,"üî¥ LIVE dans 1h ! On joue √† Valorant",19:00,Publi√©,"#live #valorant #twitch",850,"Bonne port√©e"
2025-01-02,Instagram,Reel,"Behind the scenes de mon setup",12:00,Publi√©,"#setup #streaming #gamer",3200,"Format vertical marche bien"
2025-01-02,YouTube,Short,"Comment j'ai eu 1000 followers en 1 mois",14:00,Planifi√©,"#shorts #twitch #growth",,""
2025-01-03,TikTok,Tuto,"3 tips pour am√©liorer ton stream",18:00,Brouillon,"#tips #streaming #tutorial",,""
2025-01-03,Discord,Annonce,"Game Night vendredi 20h !",20:00,Planifi√©,"",,""
2025-01-04,Twitter,Thread,"üßµ Comment j'ai mon√©tis√© ma cha√Æne en 6 mois",10:00,Brouillon,"",,""
2025-01-04,Instagram,Story,"Sondage: Quel jeu ce soir?",17:00,Planifi√©,"",,""
2025-01-05,TikTok,Clip,"Fail √©pique en live üòÇ",18:00,Id√©e,"#fail #funny #streaming",,""
2025-01-05,YouTube,Vid√©o,"Setup Tour 2025 - Mon √©quipement complet",14:00,Id√©e,"#setup #gear #streaming",,""
2025-01-06,Twitter,Engagement,"R√©ponses aux questions de la commu",11:00,Planifi√©,"",,""
2025-01-06,Instagram,Carrousel,"10 erreurs de d√©butant en streaming",12:00,Brouillon,"",,""
2025-01-07,TikTok,Trend,"Participation au trend du moment",18:00,Id√©e,"",,""
2025-01-07,Discord,Event,"AMA avec la communaut√©",21:00,Planifi√©,"",,""
